Person,Email
Al Choudhury,al.choudhury@hippodigital.co.uk
Zach Hodges,zach.hodges@hippodigital.co.uk
Oliver Yeoman,oliver.yeoman@hippodigital.co.uk
Chris Haslam,chris.haslam@hippodigital.co.uk
Tom Hawkin,tom.hawkin@hippodigital.co.uk
Thomas Cheyney,thomas.cheyney@hippodigital.co.uk
Josh Taylor,josh.taylor@hippodigital.co.uk
Abdul Kalam,abdul.kalam@hippodigital.co.uk
Andrew Sockett,andrew.sockett@hippodigital.co.uk
Lewis Crawford,lewis.crawford@hippodigital.co.uk
Matthew Wilkes,matthew.wilkes@hippodigital.co.uk
Varsha Krishnamurthy,varsha.krishnamurthy@hippodigital.co.uk
Christopher Bacon,christopher.bacon@hippodigital.co.uk
Kivi Corn,kivi.corn@hippodigital.co.uk
Shaun Griffith,shaun.griffith@hippodigital.co.uk
Umair Ashraf,umair.ashraf@hippodigital.co.uk
Tom Baker,tom.baker@hippodigital.co.uk
Michael Fielding,michael.fielding@hippodigital.co.uk
Usharani Arugonda,usharani.arugonda@hippodigital.co.uk
Nick Sephton,nick.sephton@hippodigital.co.uk
Aaron Yarborough,aaron.yarborough@hippodigital.co.uk
Harry Young,harry.young@hippodigital.co.uk
Dillon Howlett-Diep,dillon.diep@hippodigital.co.uk
Gavin Cheung,gavin.cheung@hippodigital.co.uk
Neal Johnson,neal.johnson@hippodigital.co.uk
Tina Gohil,tina.gohil@hippodigital.co.uk
Tom Halson,tom.halson@hippodigital.co.uk
Andrew Creighton,andrew.creighton@hippodigital.co.uk
"Dami ",dami.laleye@hippodigital.co.uk
Emily Sarina,emily.ekins@hippodigital.co.uk
Naiem Dathi,naiem.dathi@hippodigital.co.uk
Mike Stoodley,michael.stoodley@hippodigital.co.uk
